,rmse,mae,accuracy
AAPL,2.0751046649338507,1.6067474584088455,0.990631582215098
