,rmse,mae,accuracy
ABBV,1.8411085700499554,1.2861687665945694,0.9912677395760779
