,rmse,mae,accuracy
AMZN,2.401567931949857,1.830434963486651,0.984706694346833
