,rmse,mae,accuracy
BAC,0.49494117830674855,0.36664812283996023,0.9876637257523985
