,rmse,mae,accuracy
BKR,0.5222343777298907,0.4104679341374071,0.9870966405688896
