,rmse,mae,accuracy
BMY,0.7846534151171575,0.5923523306682418,0.9903531580166391
