,rmse,mae,accuracy
C,0.6914949320567713,0.5028572022404622,0.9890601378255632
