,rmse,mae,accuracy
CAT,4.730510146406983,3.468469256497363,0.9860098569714482
