,rmse,mae,accuracy
CMCSA,0.5806514389722499,0.4106902300308104,0.9900062629811551
