,rmse,mae,accuracy
COP,2.001583334745144,1.5135699456111527,0.9862715880810362
