,rmse,mae,accuracy
CVX,2.3959751989959477,1.7947354188417288,0.9887614355629516
