,rmse,mae,accuracy
DE,6.72415357894743,5.041077644252656,0.9872224309919595
