,rmse,mae,accuracy
DIS,1.6150923707417921,1.2011919324290756,0.9869504812921591
