,rmse,mae,accuracy
GE,1.3921064910777592,1.079622447283727,0.9869419253854063
