,rmse,mae,accuracy
GOOGL,2.217901678380961,1.6142797329882672,0.9861815097760075
