,rmse,mae,accuracy
GS,6.269575140574297,4.665265711264548,0.9861423496474052
