,rmse,mae,accuracy
HON,2.422763939194131,1.8520289567120818,0.9905178844643128
