,rmse,mae,accuracy
JNJ,1.764408575020789,1.2504855118134737,0.9921732449105467
