,rmse,mae,accuracy
JPM,1.7845364321043506,1.3135814014425942,0.9907492469633724
