,rmse,mae,accuracy
MMM,1.4159884232738245,1.0156598267704147,0.9882595303050604
