,rmse,mae,accuracy
MRK,1.3176742157321162,1.004038248383334,0.9906983062024715
