,rmse,mae,accuracy
MSFT,4.73727638945321,3.7412775504972458,0.9879523270402586
