,rmse,mae,accuracy
NFLX,9.00226980816571,6.42568379256362,0.9833663450751923
