,rmse,mae,accuracy
NKE,1.816311321555711,1.24768448549534,0.9888314791566938
