,rmse,mae,accuracy
PFE,0.5465313566303797,0.41316262217652766,0.9883529834955644
