,rmse,mae,accuracy
SBUX,1.3910772580463384,0.9509886473062482,0.9905740927187616
