,rmse,mae,accuracy
SLB,1.0767755464666573,0.8054453674050998,0.98460240486013
