,rmse,mae,accuracy
TSLA,9.420199961708713,7.246117441682717,0.9670189021306475
