,rmse,mae,accuracy
WFC,0.7171531608405551,0.5374957943918436,0.9872117148755506
