,rmse,mae,accuracy
XOM,1.7117548697107086,1.3353455189673729,0.9877292205853799
